{
  "hash": "abf4643e",
  "configHash": "1f292606",
  "lockfileHash": "4137e0db",
  "browserHash": "e0a53b5c",
  "optimized": {
    "@angular/animations": {
      "src": "../../../../../node_modules/@angular/animations/fesm2022/animations.mjs",
      "file": "@angular_animations.js",
      "fileHash": "7faf5b55",
      "needsInterop": false
    },
    "@angular/common": {
      "src": "../../../../../node_modules/@angular/common/fesm2022/common.mjs",
      "file": "@angular_common.js",
      "fileHash": "7643df48",
      "needsInterop": false
    },
    "@angular/common/http": {
      "src": "../../../../../node_modules/@angular/common/fesm2022/http.mjs",
      "file": "@angular_common_http.js",
      "fileHash": "b88ee1df",
      "needsInterop": false
    },
    "@angular/core": {
      "src": "../../../../../node_modules/@angular/core/fesm2022/core.mjs",
      "file": "@angular_core.js",
      "fileHash": "6f9b0bbf",
      "needsInterop": false
    },
    "@angular/fire/app": {
      "src": "../../../../../node_modules/@angular/fire/fesm2022/angular-fire-app.mjs",
      "file": "@angular_fire_app.js",
      "fileHash": "406c0e6d",
      "needsInterop": false
    },
    "@angular/fire/auth": {
      "src": "../../../../../node_modules/@angular/fire/fesm2022/angular-fire-auth.mjs",
      "file": "@angular_fire_auth.js",
      "fileHash": "e375c713",
      "needsInterop": false
    },
    "@angular/fire/firestore": {
      "src": "../../../../../node_modules/@angular/fire/fesm2022/angular-fire-firestore.mjs",
      "file": "@angular_fire_firestore.js",
      "fileHash": "6f35fab5",
      "needsInterop": false
    },
    "@angular/fire/storage": {
      "src": "../../../../../node_modules/@angular/fire/fesm2022/angular-fire-storage.mjs",
      "file": "@angular_fire_storage.js",
      "fileHash": "1a9978d5",
      "needsInterop": false
    },
    "@angular/forms": {
      "src": "../../../../../node_modules/@angular/forms/fesm2022/forms.mjs",
      "file": "@angular_forms.js",
      "fileHash": "a0678cf8",
      "needsInterop": false
    },
    "@angular/material/autocomplete": {
      "src": "../../../../../node_modules/@angular/material/fesm2022/autocomplete.mjs",
      "file": "@angular_material_autocomplete.js",
      "fileHash": "bfab473d",
      "needsInterop": false
    },
    "@angular/material/checkbox": {
      "src": "../../../../../node_modules/@angular/material/fesm2022/checkbox.mjs",
      "file": "@angular_material_checkbox.js",
      "fileHash": "6f79fde0",
      "needsInterop": false
    },
    "@angular/material/chips": {
      "src": "../../../../../node_modules/@angular/material/fesm2022/chips.mjs",
      "file": "@angular_material_chips.js",
      "fileHash": "3d0bc714",
      "needsInterop": false
    },
    "@angular/material/core": {
      "src": "../../../../../node_modules/@angular/material/fesm2022/core.mjs",
      "file": "@angular_material_core.js",
      "fileHash": "9562d4f6",
      "needsInterop": false
    },
    "@angular/material/dialog": {
      "src": "../../../../../node_modules/@angular/material/fesm2022/dialog.mjs",
      "file": "@angular_material_dialog.js",
      "fileHash": "2ddd6292",
      "needsInterop": false
    },
    "@angular/material/form-field": {
      "src": "../../../../../node_modules/@angular/material/fesm2022/form-field.mjs",
      "file": "@angular_material_form-field.js",
      "fileHash": "3658a577",
      "needsInterop": false
    },
    "@angular/material/icon": {
      "src": "../../../../../node_modules/@angular/material/fesm2022/icon.mjs",
      "file": "@angular_material_icon.js",
      "fileHash": "ee9e887b",
      "needsInterop": false
    },
    "@angular/platform-browser": {
      "src": "../../../../../node_modules/@angular/platform-browser/fesm2022/platform-browser.mjs",
      "file": "@angular_platform-browser.js",
      "fileHash": "1b8d7583",
      "needsInterop": false
    },
    "@angular/platform-browser/animations/async": {
      "src": "../../../../../node_modules/@angular/platform-browser/fesm2022/animations/async.mjs",
      "file": "@angular_platform-browser_animations_async.js",
      "fileHash": "e8d044e3",
      "needsInterop": false
    },
    "@angular/router": {
      "src": "../../../../../node_modules/@angular/router/fesm2022/router.mjs",
      "file": "@angular_router.js",
      "fileHash": "3b7d0744",
      "needsInterop": false
    },
    "@firebase/storage": {
      "src": "../../../../../node_modules/@firebase/storage/dist/index.esm2017.js",
      "file": "@firebase_storage.js",
      "fileHash": "dcea36f8",
      "needsInterop": false
    },
    "@ngneat/hot-toast": {
      "src": "../../../../../node_modules/@ngneat/hot-toast/fesm2022/ngneat-hot-toast.mjs",
      "file": "@ngneat_hot-toast.js",
      "fileHash": "f7d0eb96",
      "needsInterop": false
    },
    "rxjs": {
      "src": "../../../../../node_modules/rxjs/dist/esm5/index.js",
      "file": "rxjs.js",
      "fileHash": "a914ba11",
      "needsInterop": false
    }
  },
  "chunks": {
    "browser-GPYVNEE7": {
      "file": "browser-GPYVNEE7.js"
    },
    "chunk-YX6UPHRV": {
      "file": "chunk-YX6UPHRV.js"
    },
    "chunk-G6D4DJH7": {
      "file": "chunk-G6D4DJH7.js"
    },
    "chunk-B2TPM3FG": {
      "file": "chunk-B2TPM3FG.js"
    },
    "chunk-EUGC4RJO": {
      "file": "chunk-EUGC4RJO.js"
    },
    "chunk-ZDQE3JIE": {
      "file": "chunk-ZDQE3JIE.js"
    },
    "chunk-F25JYEHF": {
      "file": "chunk-F25JYEHF.js"
    },
    "chunk-HCHWLFPE": {
      "file": "chunk-HCHWLFPE.js"
    },
    "chunk-4SNV35YR": {
      "file": "chunk-4SNV35YR.js"
    },
    "chunk-KISU7SRX": {
      "file": "chunk-KISU7SRX.js"
    },
    "chunk-HCUCGGS2": {
      "file": "chunk-HCUCGGS2.js"
    },
    "chunk-TJSXMP7V": {
      "file": "chunk-TJSXMP7V.js"
    },
    "chunk-CGRHW5RM": {
      "file": "chunk-CGRHW5RM.js"
    },
    "chunk-225K3NKN": {
      "file": "chunk-225K3NKN.js"
    },
    "chunk-X7GGA62K": {
      "file": "chunk-X7GGA62K.js"
    },
    "chunk-LJ4VCL4A": {
      "file": "chunk-LJ4VCL4A.js"
    }
  }
}